[  {    "type": "get",    "url": "/getAccountCount",    "title": "",    "group": "account",    "version": "1.0.0",    "description": "<p>获取account 总数</p>",    "filename": "api/account.js",    "groupTitle": "account",    "name": "GetGetaccountcount"  },  {    "type": "get",    "url": "/getAccountDetail",    "title": "",    "group": "account",    "version": "1.0.0",    "description": "<p>获取账号详细信息</p>",    "parameter": {      "fields": {        "Parameter": [          {            "group": "Parameter",            "type": "String",            "optional": false,            "field": "account",            "description": ""          }        ]      }    },    "filename": "api/account.js",    "groupTitle": "account",    "name": "GetGetaccountdetail"  },  {    "type": "get",    "url": "/getNodeList",    "title": "",    "group": "account",    "version": "1.0.0",    "description": "<p>获取超级节点</p>",    "filename": "api/account.js",    "groupTitle": "account",    "name": "GetGetnodelist"  },  {    "type": "get",    "url": "/getToken",    "title": "",    "group": "account",    "version": "1.0.0",    "description": "<p>获取token 详情及 holder列表</p>",    "parameter": {      "fields": {        "Parameter": [          {            "group": "Parameter",            "type": "String",            "optional": false,            "field": "contract",            "description": ""          },          {            "group": "Parameter",            "type": "String",            "optional": false,            "field": "symbol",            "description": ""          }        ]      }    },    "filename": "api/account.js",    "groupTitle": "account",    "name": "GetGettoken"  },  {    "type": "get",    "url": "/getTokens",    "title": "",    "group": "account",    "version": "1.0.0",    "description": "<p>获取token 列表</p>",    "filename": "api/account.js",    "groupTitle": "account",    "name": "GetGettokens"  },  {    "type": "get",    "url": "/getBlock",    "title": "",    "group": "block",    "version": "1.0.0",    "description": "<p>根据区块id获取区块信息</p>",    "parameter": {      "fields": {        "Parameter": [          {            "group": "Parameter",            "type": "String",            "optional": false,            "field": "id",            "description": ""          }        ]      }    },    "filename": "api/block.js",    "groupTitle": "block",    "name": "GetGetblock"  },  {    "type": "get",    "url": "/getBlockInfo",    "title": "",    "group": "block",    "version": "1.0.0",    "description": "<p>根据最新区块信息</p>",    "filename": "api/block.js",    "groupTitle": "block",    "name": "GetGetblockinfo"  },  {    "type": "get",    "url": "/bigQuery",    "title": "",    "group": "query",    "version": "1.0.0",    "description": "<p>根据account block_num has 查询</p>",    "parameter": {      "fields": {        "Parameter": [          {            "group": "Parameter",            "type": "String",            "optional": false,            "field": "id:",            "description": "<p>account/block_num/hash</p>"          }        ]      }    },    "success": {      "examples": [        {          "title": "Success-Response:",          "content": "HTTP/1.1 200 OK\n{\n     \"detail\": {\n         type: 1,        1: block 2: account 3: transaction\n         result: obj\n     }\n}",          "type": "json"        }      ]    },    "filename": "api/query.js",    "groupTitle": "query",    "name": "GetBigquery"  },  {    "type": "get",    "url": "/getTransaction",    "title": "",    "group": "transaction",    "version": "1.0.0",    "description": "<p>根据hash查询transaction</p>",    "parameter": {      "fields": {        "Parameter": [          {            "group": "Parameter",            "type": "string",            "optional": false,            "field": "hash",            "description": ""          }        ]      }    },    "filename": "api/transaction.js",    "groupTitle": "transaction",    "name": "GetGettransaction"  },  {    "type": "get",    "url": "/getTransactionCount",    "title": "",    "group": "transaction",    "version": "1.0.0",    "description": "<p>获取transaction 总数</p>",    "parameter": {      "fields": {        "Parameter": [          {            "group": "Parameter",            "type": "string",            "optional": false,            "field": "hash",            "description": ""          }        ]      }    },    "filename": "api/transaction.js",    "groupTitle": "transaction",    "name": "GetGettransactioncount"  },  {    "type": "get",    "url": "/getTransactionList",    "title": "",    "group": "transaction",    "version": "1.0.0",    "description": "<p>查询最新的transaction列表</p>",    "parameter": {      "fields": {        "Parameter": [          {            "group": "Parameter",            "type": "string",            "optional": false,            "field": "num",            "description": "<p>显示笔数</p>"          }        ]      }    },    "filename": "api/transaction.js",    "groupTitle": "transaction",    "name": "GetGettransactionlist"  },  {    "type": "get",    "url": "/getTransByAccount",    "title": "",    "group": "transaction",    "version": "1.0.0",    "description": "<p>查询最新的transaction</p>",    "parameter": {      "fields": {        "Parameter": [          {            "group": "Parameter",            "type": "string",            "optional": false,            "field": "account",            "description": "<p>帐号名</p>"          },          {            "group": "Parameter",            "type": "string",            "optional": false,            "field": "startid",            "description": "<p>起点</p>"          },          {            "group": "Parameter",            "type": "string",            "optional": false,            "field": "num",            "description": "<p>显示笔数</p>"          }        ]      }    },    "filename": "api/transaction.js",    "groupTitle": "transaction",    "name": "GetGettransbyaccount"  },  {    "type": "get",    "url": "/getTransByBlock",    "title": "",    "group": "transaction",    "version": "1.0.0",    "description": "<p>查询最新的transaction</p>",    "parameter": {      "fields": {        "Parameter": [          {            "group": "Parameter",            "type": "string",            "optional": false,            "field": "block",            "description": "<p>区块数</p>"          },          {            "group": "Parameter",            "type": "string",            "optional": false,            "field": "startid",            "description": "<p>起点</p>"          },          {            "group": "Parameter",            "type": "string",            "optional": false,            "field": "num",            "description": "<p>显示笔数</p>"          }        ]      }    },    "filename": "api/transaction.js",    "groupTitle": "transaction",    "name": "GetGettransbyblock"  }]
